id,t,read,write,open,close,stat,fstat,lstat,poll,lseek,mmap,mprotect,munmap,brk,access,pipe,select,sched_yield,mremap,msync,mincore,madvise,shmget,shmat,shmctl,dup,dup2,pause,nanosleep,getitimer,alarm,setitimer,getpid,sendfile,socket,connect,accept,sendto,rt_sigaction,rt_sigprocmask,rt_sigreturn,ioctl,pread64,pwrite64,readv,writev,recvfrom,sendmsg,recvmsg,shutdown,bind,listen,getsockname,getpeername,socketpair,setsockopt,getsockopt,clone,fork,vfork,execve,exit,wait4,kill,uname,semget,semop,semctl,shmdt,msgget,msgsnd,msgrcv,msgctl,fcntl,flock,fsync,fdatasync,truncate,ftruncate,getdents,getcwd,chdir,fchdir,rename,mkdir,rmdir,creat,link,unlink,symlink,readlink,chmod,fchmod,chown,fchown,lchown,umask,gettimeofday,getrlimit,getrusage,sysinfo,times,getuid,syslog,getgid,setuid,setgid,geteuid,getegid,setpgid,getppid,getpgrp,setsid,setreuid,setregid,getgroups,setgroups,setresuid,getresuid,setresgid,getresgid,getpgid,setfsuid,setfsgid,getsid,capget,capset,ptrace,rt_sigpending,rt_sigtimedwait,rt_sigqueueinfo,sigaltstack,uselib,_sysctl,create_module,rt_sigsuspend,utime,mknod,personality,ustat,statfs,fstatfs,sysfs,getpriority,setpriority,sched_setparam,sched_getparam,sched_setscheduler,sched_getscheduler,sched_get_priority_max,sched_get_priority_min,sched_rr_get_interval,mlock,munlock,mlockall,munlockall,vhangup,modify_ldt,pivot_root,prctl,arch_prctl,adjtimex,setrlimit,chroot,sync,acct,settimeofday,mount,umount2,swapon,swapoff,reboot,sethostname,setdomainname,iopl,ioperm,init_module,delete_module,get_kernel_syms,query_module,nfsservctl,set_thread_area,io_setup,io_submit,get_thread_area,epoll_ctl_old,epoll_wait_old,timer_create,quotactl,getpmsg,putpmsg,afs_syscall,tuxcall,security,gettid,readahead,setxattr,lsetxattr,fsetxattr,getxattr,lgetxattr,fgetxattr,listxattr,llistxattr,flistxattr,removexattr,lremovexattr,fremovexattr,tkill,time,futex,sched_setaffinity,sched_getaffinity,io_destroy,io_getevents,io_cancel,lookup_dcookie,epoll_create,remap_file_pages,getdents64,set_tid_address,restart_syscall,semtimedop,fadvise64,timer_settime,timer_gettime,timer_getoverrun,timer_delete,clock_settime,clock_gettime,clock_getres,clock_nanosleep,exit_group,epoll_wait,epoll_ctl,tgkill,utimes,vserver,mq_notify,kexec_load,waitid,set_robust_list,get_robust_list,vmsplice,move_pages,mbind,set_mempolicy,get_mempolicy,mq_open,mq_unlink,mq_timedsend,mq_timedreceive,mq_getsetattr,add_key,request_key,keyctl,ioprio_set,ioprio_get,inotify_init,inotify_add_watch,inotify_rm_watch,migrate_pages,openat,mkdirat,mknodat,fchownat,futimesat,newfstatat,unlinkat,renameat,linkat,symlinkat,readlinkat,fchmodat,faccessat,pselect6,ppoll,unshare,splice,tee,sync_file_range,utimensat,epoll_pwait,signalfd,timerfd_create,eventfd,fallocate,timerfd_settime,timerfd_gettime,accept4,signalfd4,eventfd2,epoll_create1,dup3,pipe2,preadv,pwritev,rt_tgsigqueueinfo,recvmmsg,sendmmsg,process_vm_readv,process_vm_writev,execveat,preadv2,pwritev2,inotify_init1,perf_event_open,fanotify_init,fanotify_mark,prlimit64,name_to_handle_at,open_by_handle_at,clock_adjtime,syncfs,setns,getcpu,kcmp,finit_module,sched_setattr,sched_getattr,renameat2,seccomp,getrandom,memfd_create,kexec_file_load,bpf,userfaultfd,membarrier,mlock2,copy_file_range,pkey_mprotect,pkey_alloc,pkey_free,statx,io_pgetevents,rseq,pidfd_send_signal,io_uring_setup,io_uring_enter,io_uring_register,open_tree,move_mount,fsopen,fsconfig,fsmount,fspick,pidfd_open,clone3,close_range,openat2,pidfd_getfd,faccessat2,process_madvise,epoll_pwait2,mount_setattr,quotactl_fd,landlock_create_ruleset,landlock_add_rule,landlock_restrict_self,memfd_secret,process_mrelease,futex_waitv,set_mempolicy_home_node,cachestat
0,0,226,14,198,216,2142,198,1298,312,84,234,80,72,92,992,2,0,0,0,0,0,22,0,0,0,4,0,0,0,0,0,18,50,0,46,36,9,222,588,44,0,24,0,0,0,6,288,0,12,6,6,0,18,0,0,14,6,15,0,0,4,3,6,0,10,0,0,0,0,0,0,0,0,108,2,0,0,0,0,8,36,12,0,2,0,0,0,0,2,0,0,0,0,0,0,0,0,0,4,0,4,6,30,0,28,6,6,40,28,0,4,4,0,0,0,0,6,0,0,0,0,0,0,0,0,0,0,0,0,0,0,0,0,0,0,0,2,0,0,0,0,0,0,0,0,0,0,0,0,0,0,0,0,0,0,0,0,0,0,0,4,0,0,0,0,0,0,0,0,0,0,0,0,0,0,0,0,0,0,0,0,0,0,0,0,0,0,0,0,0,0,0,0,0,0,0,0,0,0,0,0,0,0,0,0,0,0,0,0,0,6,0,0,0,0,0,0,0,0,0,0,0,0,0,0,0,0,0,0,0,0,0,3,0,6,0,0,0,0,0,0,16,0,0,0,0,0,0,0,0,0,0,0,0,0,0,0,0,0,0,0,0,0,0,0,0,0,0,0,0,0,0,0,0,0,0,0,0,0,0,0,0,0,0,0,0,0,0,0,0,0,0,6,0,0,0,0,0,0,4,0,0,0,0,0,0,0,0,0,0,0,0,0,0,0,0,0,0,0,0,0,0,0,0,0,0,0,0,0,0,0,0,0,0,0,0,0,0,0,0,0,0,0,0,0,0,0,0,0,0,0,0,0,0,0,0,0,0,0,0,0,0,0,0
1,0,666,36,334,278,230,230,266,282,108,288,28,384,60,894,4,0,0,0,0,0,38,0,0,0,4,0,0,0,0,0,24,56,0,24,16,21,172,784,8,0,8,0,0,0,54,236,0,8,12,4,0,20,0,0,8,4,13,0,0,4,2,4,0,0,0,0,0,0,0,0,0,0,108,0,0,0,0,0,36,18,16,0,2,0,0,0,0,0,0,0,0,0,0,0,0,0,0,0,0,0,28,0,0,0,10,10,24,0,0,4,0,0,0,0,0,10,0,0,0,0,0,0,0,0,0,0,0,0,0,0,0,0,0,0,0,0,0,0,0,0,0,0,0,0,0,0,0,0,0,0,0,0,0,0,0,0,0,0,0,4,0,0,0,0,0,0,0,0,0,0,0,0,0,0,0,0,0,0,0,0,0,0,0,0,0,0,0,0,0,0,0,0,0,0,0,0,0,0,0,0,0,0,0,0,0,0,0,0,0,16,0,0,0,0,0,0,0,0,0,0,0,0,0,0,0,0,0,0,0,0,0,8,0,10,0,0,0,0,0,0,18,0,0,0,0,0,0,0,0,0,0,0,0,0,0,0,0,0,0,0,0,0,0,0,0,0,0,0,0,0,0,0,0,0,0,0,0,0,0,0,0,0,0,0,0,0,0,0,0,0,0,10,0,0,0,0,0,0,4,0,0,0,0,0,0,0,0,0,0,0,0,0,0,0,0,0,0,0,0,0,0,0,0,0,0,0,0,0,0,0,0,0,0,0,0,0,0,0,0,0,0,0,0,0,0,0,0,0,0,0,0,0,0,0,0,0,0,0,0,0,0,0,0
2,0,640,32,240,278,1092,190,696,244,126,272,28,404,44,824,4,0,0,0,0,0,28,0,0,0,4,0,0,0,0,0,18,74,0,24,16,25,168,1028,6,0,8,0,0,0,20,210,0,8,16,4,0,24,0,0,8,4,15,0,0,4,2,4,0,0,0,0,0,0,0,0,0,0,116,0,0,0,0,0,36,42,12,0,4,0,0,0,0,2,0,0,0,0,0,0,0,0,0,0,0,0,20,0,0,0,14,14,32,0,0,4,0,0,0,0,0,14,0,0,0,0,0,0,0,0,0,0,0,0,0,0,0,0,0,0,0,0,0,0,0,0,0,0,0,0,0,0,0,0,0,0,0,0,0,0,0,0,0,0,0,4,0,0,0,0,0,0,0,0,0,0,0,0,0,0,0,0,0,0,0,0,0,0,0,0,0,0,0,0,0,0,0,0,0,0,0,0,0,0,0,0,0,0,0,0,0,0,0,0,0,20,0,0,0,0,0,0,0,0,0,0,0,0,0,0,0,0,0,0,0,0,0,10,0,14,0,0,0,0,0,0,22,0,0,0,0,0,0,0,0,0,0,0,0,0,0,0,0,0,0,0,0,0,0,0,0,0,0,0,0,0,0,0,0,0,0,0,0,0,0,0,0,0,0,0,0,0,0,0,0,0,0,14,0,0,0,0,0,0,4,0,0,0,0,0,0,0,0,0,0,0,0,0,0,0,0,0,0,0,0,0,0,0,0,0,0,0,0,0,0,0,0,0,0,0,0,0,0,0,0,0,0,0,0,0,0,0,0,0,0,0,0,0,0,0,0,0,0,0,0,0,0,0,0
3,0,876,28,302,310,1168,286,830,388,150,314,32,408,52,1296,4,0,0,0,0,0,48,0,0,0,4,0,0,0,0,0,30,60,0,30,20,21,234,814,10,0,12,0,0,0,46,348,0,8,12,4,0,20,0,0,12,6,13,0,0,4,2,4,0,0,0,0,0,0,0,0,0,0,178,0,0,0,0,0,52,44,20,0,2,0,0,0,0,0,0,0,0,0,0,0,0,0,0,0,0,0,20,0,0,0,10,10,24,0,0,4,0,0,0,0,0,10,0,0,0,0,0,0,0,0,0,0,0,0,0,0,0,0,0,0,0,0,0,0,0,0,0,0,0,0,0,0,0,0,0,0,0,0,0,0,0,0,0,0,0,4,0,0,0,0,0,0,0,0,0,0,0,0,0,0,0,0,0,0,0,0,0,0,0,0,0,0,0,0,0,0,0,0,0,0,0,0,0,0,0,0,0,0,0,0,0,0,0,0,0,16,0,0,0,0,0,0,0,0,0,0,0,0,0,0,0,0,0,0,0,0,0,8,0,10,0,0,0,0,0,0,18,0,0,0,0,0,0,0,0,0,0,0,0,0,0,0,0,0,0,0,0,0,0,0,0,0,0,0,0,0,0,0,0,0,0,0,0,0,0,0,0,0,0,0,0,0,0,0,0,0,0,10,0,0,0,0,0,0,6,0,0,0,0,0,0,0,0,0,0,0,0,0,0,0,0,0,0,0,0,0,0,0,0,0,0,0,0,0,0,0,0,0,0,0,0,0,0,0,0,0,0,0,0,0,0,0,0,0,0,0,0,0,0,0,0,0,0,0,0,0,0,0,0
4,0,904,34,322,342,1178,332,874,242,200,282,26,410,54,824,4,0,0,0,0,0,26,0,0,0,4,0,0,0,0,0,24,72,0,18,12,25,170,1058,8,0,8,0,0,0,34,204,0,4,16,2,0,20,0,0,8,4,14,0,0,4,1,4,0,0,0,0,0,0,0,0,0,0,120,0,0,0,0,0,36,44,16,0,4,0,0,0,0,2,0,0,0,0,0,0,0,0,0,0,0,0,22,0,0,0,14,14,32,0,0,4,0,0,0,0,0,14,0,0,0,0,0,0,0,0,0,0,0,0,0,0,0,0,0,0,0,0,0,0,0,0,0,0,0,0,0,0,0,0,0,0,0,0,0,0,0,0,0,0,0,4,0,0,0,0,0,0,0,0,0,0,0,0,0,0,0,0,0,0,0,0,0,0,0,0,0,0,0,0,0,0,0,0,0,0,0,0,0,0,0,0,0,0,0,0,0,0,0,0,0,18,0,0,0,0,0,0,0,0,0,0,0,0,0,0,0,0,0,0,0,0,0,10,0,14,0,0,0,0,0,0,20,0,0,0,0,0,0,0,0,0,0,0,0,0,0,0,0,0,0,0,0,0,0,0,0,0,0,0,0,0,0,0,0,0,0,0,0,0,0,0,0,0,0,0,0,0,0,0,0,0,0,14,0,0,0,0,0,0,4,0,0,0,0,0,0,0,0,0,0,0,0,0,0,0,0,0,0,0,0,0,0,0,0,0,0,0,0,0,0,0,0,0,0,0,0,0,0,0,0,0,0,0,0,0,0,0,0,0,0,0,0,0,0,0,0,0,0,0,0,0,0,0,0
5,0,1110,28,282,360,2178,280,1434,492,214,332,38,460,36,1708,2,0,0,0,0,0,54,0,0,0,4,0,0,0,0,0,24,82,0,42,30,25,328,1094,8,0,16,0,0,0,16,450,0,8,16,4,0,24,0,0,22,10,15,0,0,4,2,2,0,0,0,0,0,0,0,0,0,0,202,0,0,0,0,0,68,74,16,0,4,0,0,0,0,2,0,0,0,0,0,0,0,0,0,0,0,0,16,0,0,0,14,14,32,0,0,4,0,0,0,0,0,14,0,0,0,0,0,0,0,0,0,0,0,0,0,0,0,0,0,0,0,0,0,0,0,0,0,0,0,0,0,0,0,0,0,0,0,0,0,0,0,0,0,0,0,4,0,0,0,0,0,0,0,0,0,0,0,0,0,0,0,0,0,0,0,0,0,0,0,0,0,0,0,0,0,0,0,0,0,0,0,0,0,0,0,0,0,0,0,0,0,0,0,0,0,20,0,0,0,0,0,0,0,0,0,0,0,0,0,0,0,0,0,0,0,0,0,10,0,14,0,0,0,0,0,0,22,0,0,0,0,0,0,0,0,0,0,0,0,0,0,0,0,0,0,0,0,0,0,0,0,0,0,0,0,0,0,0,0,0,0,0,0,0,0,0,0,0,0,0,0,0,0,0,0,0,0,14,0,0,0,0,0,0,8,0,0,0,0,0,0,0,0,0,0,0,0,0,0,0,0,0,0,0,0,0,0,0,0,0,0,0,0,0,0,0,0,0,0,0,0,0,0,0,0,0,0,0,0,0,0,0,0,0,0,0,0,0,0,0,0,0,0,0,0,0,0,0,0
6,0,848,26,210,290,3068,198,1714,422,168,274,36,386,30,1382,0,0,0,0,0,0,44,0,0,0,4,0,0,0,0,0,18,70,0,42,32,21,278,970,6,0,12,0,0,0,14,384,0,8,14,4,0,22,0,0,24,10,14,0,0,4,2,0,0,0,0,0,0,0,0,0,0,0,134,0,0,0,0,0,48,50,12,0,2,0,0,0,0,2,0,0,0,0,0,0,0,0,0,0,0,0,14,0,0,0,12,12,28,0,0,4,0,0,0,0,0,12,0,0,0,0,0,0,0,0,0,0,0,0,0,0,0,0,0,0,0,0,0,0,0,0,0,0,0,0,0,0,0,0,0,0,0,0,0,0,0,0,0,0,0,4,0,0,0,0,0,0,0,0,0,0,0,0,0,0,0,0,0,0,0,0,0,0,0,0,0,0,0,0,0,0,0,0,0,0,0,0,0,0,0,0,0,0,0,0,0,0,0,0,0,18,0,0,0,0,0,0,0,0,0,0,0,0,0,0,0,0,0,0,0,0,0,9,0,12,0,0,0,0,0,0,20,0,0,0,0,0,0,0,0,0,0,0,0,0,0,0,0,0,0,0,0,0,0,0,0,0,0,0,0,0,0,0,0,0,0,0,0,0,0,0,0,0,0,0,0,0,0,0,0,0,0,12,0,0,0,0,0,0,6,0,0,0,0,0,0,0,0,0,0,0,0,0,0,0,0,0,0,0,0,0,0,0,0,0,0,0,0,0,0,0,0,0,0,0,0,0,0,0,0,0,0,0,0,0,0,0,0,0,0,0,0,0,0,0,0,0,0,0,0,0,0,0,0
7,0,920,40,374,348,1218,304,848,390,164,350,32,462,70,1300,4,0,0,0,0,0,48,0,0,0,4,0,0,0,0,0,30,70,0,30,20,25,252,944,10,0,12,0,0,0,54,338,0,8,14,4,0,22,0,0,12,6,14,0,0,4,2,4,0,0,0,0,0,0,0,0,0,0,174,0,0,0,0,0,52,48,20,0,4,0,0,0,0,2,0,0,0,0,0,0,0,0,0,0,0,0,28,0,0,0,12,12,28,0,0,4,0,0,0,0,0,12,0,0,0,0,0,0,0,0,0,0,0,0,0,0,0,0,0,0,0,0,0,0,0,0,0,0,0,0,0,0,0,0,0,0,0,0,0,0,0,0,0,0,0,4,0,0,0,0,0,0,0,0,0,0,0,0,0,0,0,0,0,0,0,0,0,0,0,0,0,0,0,0,0,0,0,0,0,0,0,0,0,0,0,0,0,0,0,0,0,0,0,0,0,18,0,0,0,0,0,0,0,0,0,0,0,0,0,0,0,0,0,0,0,0,0,9,0,12,0,0,0,0,0,0,20,0,0,0,0,0,0,0,0,0,0,0,0,0,0,0,0,0,0,0,0,0,0,0,0,0,0,0,0,0,0,0,0,0,0,0,0,0,0,0,0,0,0,0,0,0,0,0,0,0,0,12,0,0,0,0,0,0,6,0,0,0,0,0,0,0,0,0,0,0,0,0,0,0,0,0,0,0,0,0,0,0,0,0,0,0,0,0,0,0,0,0,0,0,0,0,0,0,0,0,0,0,0,0,0,0,0,0,0,0,0,0,0,0,0,0,0,0,0,0,0,0,0
8,0,1104,50,512,402,1412,368,960,400,206,278,28,392,102,1064,4,0,0,0,0,0,34,0,0,0,4,0,0,0,0,0,30,68,0,28,20,27,254,930,10,0,16,0,0,0,54,332,0,8,16,4,0,24,0,0,8,4,16,0,0,4,4,4,0,0,0,0,0,0,0,0,0,0,72,0,0,0,0,0,40,24,20,0,2,0,0,0,0,0,0,0,0,0,0,0,0,0,0,0,0,0,42,0,0,0,12,12,28,0,0,4,0,0,0,0,0,12,0,0,0,0,0,0,0,0,0,0,0,0,0,0,0,0,0,0,0,0,0,0,0,0,0,0,0,0,0,0,0,0,0,0,0,0,0,0,0,0,0,0,0,4,0,0,0,0,0,0,0,0,0,0,0,0,0,0,0,0,0,0,0,0,0,0,0,0,0,0,0,0,0,0,0,0,0,0,0,0,0,0,0,0,0,0,0,0,0,0,0,0,0,18,0,0,0,0,0,0,0,0,0,0,0,0,0,0,0,0,0,0,0,0,0,9,0,12,0,0,0,0,0,0,24,0,0,0,0,0,0,0,0,0,0,0,0,0,0,0,0,0,0,0,0,0,0,0,0,0,0,0,0,0,0,0,0,0,0,0,0,0,0,0,0,0,0,0,0,0,0,0,0,0,0,12,0,0,0,0,0,0,8,0,0,0,0,0,0,0,0,0,0,0,0,0,0,0,0,0,0,0,0,0,0,0,0,0,0,0,0,0,0,0,0,0,0,0,0,0,0,0,0,0,0,0,0,0,0,0,0,0,0,0,0,0,0,0,0,0,0,0,0,0,0,0,0
9,0,684,20,190,250,2212,186,1272,384,128,210,32,308,44,1140,2,0,0,0,0,0,34,0,0,0,4,0,0,0,0,0,24,58,0,36,26,17,266,820,8,0,8,0,0,0,12,356,0,12,8,6,0,20,0,0,14,6,14,0,0,4,3,2,0,0,0,0,0,0,0,0,0,0,66,0,0,0,0,0,36,24,16,0,0,0,0,0,0,0,0,0,0,0,0,0,0,0,0,0,0,0,12,0,0,0,10,10,24,0,0,4,0,0,0,0,0,10,0,0,0,0,0,0,0,0,0,0,0,0,0,0,0,0,0,0,0,0,0,0,0,0,0,0,0,0,0,0,0,0,0,0,0,0,0,0,0,0,0,0,0,4,0,0,0,0,0,0,0,0,0,0,0,0,0,0,0,0,0,0,0,0,0,0,0,0,0,0,0,0,0,0,0,0,0,0,0,0,0,0,0,0,0,0,0,0,0,0,0,0,0,18,0,0,0,0,0,0,0,0,0,0,0,0,0,0,0,0,0,0,0,0,0,8,0,10,0,0,0,0,0,0,20,0,0,0,0,0,0,0,0,0,0,0,0,0,0,0,0,0,0,0,0,0,0,0,0,0,0,0,0,0,0,0,0,0,0,0,0,0,0,0,0,0,0,0,0,0,0,0,0,0,0,10,0,0,0,0,0,0,4,0,0,0,0,0,0,0,0,0,0,0,0,0,0,0,0,0,0,0,0,0,0,0,0,0,0,0,0,0,0,0,0,0,0,0,0,0,0,0,0,0,0,0,0,0,0,0,0,0,0,0,0,0,0,0,0,0,0,0,0,0,0,0,0
10,1,20,0,30,32,42,28,0,0,8,56,32,10,38,26,0,0,0,0,0,0,0,0,0,0,2,0,0,0,0,0,0,12,0,4,4,1,0,158,12,0,8,0,0,0,0,0,0,0,0,0,0,0,0,0,0,0,2,0,0,2,0,0,0,2,0,0,0,0,0,0,0,0,0,0,0,0,0,0,0,2,0,0,0,0,0,0,0,0,0,0,0,0,0,0,0,0,0,2,0,2,0,10,0,10,2,2,14,10,0,2,2,0,0,0,0,2,0,0,0,0,0,0,0,0,0,0,0,0,0,0,0,0,0,0,0,0,0,0,0,0,0,0,0,0,0,0,0,0,0,0,0,0,0,0,0,0,0,0,0,2,0,0,0,0,0,0,0,0,0,0,0,0,0,0,0,0,0,0,0,0,0,0,0,0,0,0,0,0,0,0,0,0,0,0,0,0,0,0,0,0,0,0,0,0,0,0,0,0,0,0,0,0,0,0,0,0,0,0,0,0,0,0,0,0,0,0,0,0,0,0,0,1,0,2,0,0,0,0,0,0,4,0,0,0,0,0,0,0,0,0,0,0,0,0,0,0,0,0,0,0,0,0,0,0,0,0,0,0,0,0,0,0,0,0,0,0,0,0,0,0,0,0,0,0,0,0,0,0,0,0,0,2,0,0,0,0,0,0,0,0,0,0,0,0,0,0,0,0,0,0,0,0,0,0,0,0,0,0,0,0,0,0,0,0,0,0,0,0,0,0,0,0,0,0,0,0,0,0,0,0,0,0,0,0,0,0,0,0,0,0,0,0,0,0,0,0,0,0,0,0,0,0,0
11,1,1806,66,706,528,2249,428,1610,666,330,402,24,562,138,2514,2,0,0,0,0,0,50,0,0,0,2,0,0,0,0,0,48,86,0,38,28,33,420,1238,16,0,20,0,0,0,64,570,0,8,22,4,0,30,0,0,20,10,13,0,0,2,2,2,0,0,0,0,0,0,0,0,0,0,160,0,0,0,0,0,84,56,32,0,0,0,0,0,0,0,0,0,0,0,0,0,0,0,0,0,0,0,64,0,0,0,16,16,34,0,0,2,0,0,0,0,0,16,0,0,0,0,0,0,0,0,0,0,0,0,0,0,0,0,0,0,0,0,0,0,0,0,0,0,0,0,0,0,0,0,0,0,0,0,0,0,0,0,0,0,0,2,0,0,0,0,0,0,0,0,0,0,0,0,0,0,0,0,0,0,0,0,0,0,0,0,0,0,0,0,0,0,0,0,0,0,0,0,0,0,0,0,0,0,0,0,0,0,0,0,0,22,0,0,0,0,0,0,0,0,0,0,0,0,0,0,0,0,0,0,0,0,0,10,0,16,0,0,0,0,0,0,22,0,0,0,0,0,0,0,0,0,0,0,0,0,0,0,0,0,0,0,0,0,0,0,0,0,0,0,0,0,0,0,0,0,0,0,0,0,0,0,0,0,0,0,0,0,0,0,0,0,0,16,0,0,0,0,0,0,10,0,0,0,0,0,0,0,0,0,0,0,0,0,0,0,0,0,0,0,0,0,0,0,0,0,0,0,0,0,0,0,0,0,0,0,0,0,0,0,0,0,0,0,0,0,0,0,0,0,0,0,0,0,0,0,0,0,0,0,0,0,0,0,0
12,1,1140,72,706,396,344,342,472,274,204,322,8,448,152,790,0,0,0,0,0,0,20,0,0,0,0,0,0,0,0,0,30,56,0,12,8,25,104,916,10,0,8,0,0,0,98,184,0,0,14,0,0,14,0,0,8,4,6,0,0,0,0,0,0,0,0,0,0,0,0,0,0,0,60,0,0,0,0,0,32,14,20,0,0,0,0,0,0,0,0,0,0,0,0,0,0,0,0,0,0,0,72,0,0,0,12,12,24,0,0,0,0,0,0,0,0,12,0,0,0,0,0,0,0,0,0,0,0,0,0,0,0,0,0,0,0,0,0,0,0,0,0,0,0,0,0,0,0,0,0,0,0,0,0,0,0,0,0,0,0,0,0,0,0,0,0,0,0,0,0,0,0,0,0,0,0,0,0,0,0,0,0,0,0,0,0,0,0,0,0,0,0,0,0,0,0,0,0,0,0,0,0,0,0,0,0,0,0,0,0,14,0,0,0,0,0,0,0,0,0,0,0,0,0,0,0,0,0,0,0,0,0,7,0,12,0,0,0,0,0,0,12,0,0,0,0,0,0,0,0,0,0,0,0,0,0,0,0,0,0,0,0,0,0,0,0,0,0,0,0,0,0,0,0,0,0,0,0,0,0,0,0,0,0,0,0,0,0,0,0,0,0,12,0,0,0,0,0,0,4,0,0,0,0,0,0,0,0,0,0,0,0,0,0,0,0,0,0,0,0,0,0,0,0,0,0,0,0,0,0,0,0,0,0,0,0,0,0,0,0,0,0,0,0,0,0,0,0,0,0,0,0,0,0,0,0,0,0,0,0,0,0,0,0
13,1,2060,66,746,514,1436,352,1064,854,356,402,18,556,134,3206,0,0,0,0,0,0,60,0,0,0,0,0,0,0,0,0,54,80,0,42,32,31,478,1110,18,0,28,0,0,0,118,746,0,4,18,2,0,22,0,0,28,14,8,0,0,0,1,0,0,0,0,0,0,0,0,0,0,0,118,0,0,0,0,0,112,36,36,0,0,0,0,0,0,0,0,0,0,0,0,0,0,0,0,0,0,0,66,0,0,0,14,14,28,0,0,0,0,0,0,0,0,14,0,0,0,0,0,0,0,0,0,0,0,0,0,0,0,0,0,0,0,0,0,0,0,0,0,0,0,0,0,0,0,0,0,0,0,0,0,0,0,0,0,0,0,0,0,0,0,0,0,0,0,0,0,0,0,0,0,0,0,0,0,0,0,0,0,0,0,0,0,0,0,0,0,0,0,0,0,0,0,0,0,0,0,0,0,0,0,0,0,0,0,0,0,18,0,0,0,0,0,0,0,0,0,0,0,0,0,0,0,0,0,0,0,0,0,8,0,14,0,0,0,0,0,0,16,0,0,0,0,0,0,0,0,0,0,0,0,0,0,0,0,0,0,0,0,0,0,0,0,0,0,0,0,0,0,0,0,0,0,0,0,0,0,0,0,0,0,0,0,0,0,0,0,0,0,14,0,0,0,0,0,0,14,0,0,0,0,0,0,0,0,0,0,0,0,0,0,0,0,0,0,0,0,0,0,0,0,0,0,0,0,0,0,0,0,0,0,0,0,0,0,0,0,0,0,0,0,0,0,0,0,0,0,0,0,0,0,0,0,0,0,0,0,0,0,0,0
14,1,1304,66,674,458,1236,450,1060,314,260,348,6,518,130,1094,0,0,0,0,0,0,26,0,0,0,0,0,0,0,0,0,36,72,0,16,12,29,194,1178,12,0,8,0,0,0,104,234,0,4,20,2,0,24,0,0,8,4,9,0,0,0,1,0,0,0,0,0,0,0,0,0,0,0,128,0,0,0,0,0,32,40,24,0,0,0,0,0,0,0,0,0,0,0,0,0,0,0,0,0,0,0,66,0,0,0,16,16,32,0,0,0,0,0,0,0,0,16,0,0,0,0,0,0,0,0,0,0,0,0,0,0,0,0,0,0,0,0,0,0,0,0,0,0,0,0,0,0,0,0,0,0,0,0,0,0,0,0,0,0,0,0,0,0,0,0,0,0,0,0,0,0,0,0,0,0,0,0,0,0,0,0,0,0,0,0,0,0,0,0,0,0,0,0,0,0,0,0,0,0,0,0,0,0,0,0,0,0,0,0,0,20,0,0,0,0,0,0,0,0,0,0,0,0,0,0,0,0,0,0,0,0,0,9,0,16,0,0,0,0,0,0,18,0,0,0,0,0,0,0,0,0,0,0,0,0,0,0,0,0,0,0,0,0,0,0,0,0,0,0,0,0,0,0,0,0,0,0,0,0,0,0,0,0,0,0,0,0,0,0,0,0,0,16,0,0,0,0,0,0,4,0,0,0,0,0,0,0,0,0,0,0,0,0,0,0,0,0,0,0,0,0,0,0,0,0,0,0,0,0,0,0,0,0,0,0,0,0,0,0,0,0,0,0,0,0,0,0,0,0,0,0,0,0,0,0,0,0,0,0,0,0,0,0,0
15,1,1866,62,726,498,1380,448,1042,640,348,334,10,470,140,2344,0,0,0,0,0,0,38,0,0,0,0,0,0,0,0,0,48,64,0,30,24,27,364,964,16,0,20,0,0,0,88,546,0,4,16,2,0,20,0,0,20,10,7,0,0,0,1,0,0,0,0,0,0,0,0,0,0,0,98,0,0,0,0,0,80,30,32,0,0,0,0,0,0,0,0,0,0,0,0,0,0,0,0,0,0,0,62,0,0,0,12,12,24,0,0,0,0,0,0,0,0,12,0,0,0,0,0,0,0,0,0,0,0,0,0,0,0,0,0,0,0,0,0,0,0,0,0,0,0,0,0,0,0,0,0,0,0,0,0,0,0,0,0,0,0,0,0,0,0,0,0,0,0,0,0,0,0,0,0,0,0,0,0,0,0,0,0,0,0,0,0,0,0,0,0,0,0,0,0,0,0,0,0,0,0,0,0,0,0,0,0,0,0,0,0,16,0,0,0,0,0,0,0,0,0,0,0,0,0,0,0,0,0,0,0,0,0,7,0,12,0,0,0,0,0,0,14,0,0,0,0,0,0,0,0,0,0,0,0,0,0,0,0,0,0,0,0,0,0,0,0,0,0,0,0,0,0,0,0,0,0,0,0,0,0,0,0,0,0,0,0,0,0,0,0,0,0,12,0,0,0,0,0,0,10,0,0,0,0,0,0,0,0,0,0,0,0,0,0,0,0,0,0,0,0,0,0,0,0,0,0,0,0,0,0,0,0,0,0,0,0,0,0,0,0,0,0,0,0,0,0,0,0,0,0,0,0,0,0,0,0,0,0,0,0,0,0,0,0
16,1,2222,52,662,572,2314,546,1802,876,422,434,18,604,100,3442,0,0,0,0,0,0,62,0,0,0,0,0,0,0,0,0,72,88,0,42,32,27,558,1302,24,0,28,0,0,0,104,792,0,4,16,2,0,20,0,0,28,14,9,0,0,0,1,0,0,0,0,0,0,0,0,0,0,0,226,0,0,0,0,0,112,66,48,0,0,0,0,0,0,0,0,0,0,0,0,0,0,0,0,0,0,0,52,0,0,0,16,16,32,0,0,0,0,0,0,0,0,16,0,0,0,0,0,0,0,0,0,0,0,0,0,0,0,0,0,0,0,0,0,0,0,0,0,0,0,0,0,0,0,0,0,0,0,0,0,0,0,0,0,0,0,0,0,0,0,0,0,0,0,0,0,0,0,0,0,0,0,0,0,0,0,0,0,0,0,0,0,0,0,0,0,0,0,0,0,0,0,0,0,0,0,0,0,0,0,0,0,0,0,0,0,20,0,0,0,0,0,0,0,0,0,0,0,0,0,0,0,0,0,0,0,0,0,9,0,16,0,0,0,0,0,0,18,0,0,0,0,0,0,0,0,0,0,0,0,0,0,0,0,0,0,0,0,0,0,0,0,0,0,0,0,0,0,0,0,0,0,0,0,0,0,0,0,0,0,0,0,0,0,0,0,0,0,16,0,0,0,0,0,0,14,0,0,0,0,0,0,0,0,0,0,0,0,0,0,0,0,0,0,0,0,0,0,0,0,0,0,0,0,0,0,0,0,0,0,0,0,0,0,0,0,0,0,0,0,0,0,0,0,0,0,0,0,0,0,0,0,0,0,0,0,0,0,0,0
17,1,1532,84,848,506,1280,430,1090,424,272,374,14,520,186,1416,0,0,0,0,0,0,36,0,0,0,0,0,0,0,0,0,36,70,0,24,16,35,232,1062,12,0,12,0,0,0,84,316,0,4,24,2,0,28,0,0,12,6,8,0,0,0,1,0,0,0,0,0,0,0,0,0,0,0,90,0,0,0,0,0,48,22,24,0,0,0,0,0,0,0,0,0,0,0,0,0,0,0,0,0,0,0,84,0,0,0,14,14,28,0,0,0,0,0,0,0,0,14,0,0,0,0,0,0,0,0,0,0,0,0,0,0,0,0,0,0,0,0,0,0,0,0,0,0,0,0,0,0,0,0,0,0,0,0,0,0,0,0,0,0,0,0,0,0,0,0,0,0,0,0,0,0,0,0,0,0,0,0,0,0,0,0,0,0,0,0,0,0,0,0,0,0,0,0,0,0,0,0,0,0,0,0,0,0,0,0,0,0,0,0,0,18,0,0,0,0,0,0,0,0,0,0,0,0,0,0,0,0,0,0,0,0,0,8,0,14,0,0,0,0,0,0,16,0,0,0,0,0,0,0,0,0,0,0,0,0,0,0,0,0,0,0,0,0,0,0,0,0,0,0,0,0,0,0,0,0,0,0,0,0,0,0,0,0,0,0,0,0,0,0,0,0,0,14,0,0,0,0,0,0,6,0,0,0,0,0,0,0,0,0,0,0,0,0,0,0,0,0,0,0,0,0,0,0,0,0,0,0,0,0,0,0,0,0,0,0,0,0,0,0,0,0,0,0,0,0,0,0,0,0,0,0,0,0,0,0,0,0,0,0,0,0,0,0,0
18,1,1964,64,752,500,1404,400,1046,750,350,350,14,486,138,2740,0,0,0,0,0,0,50,0,0,0,0,0,0,0,0,0,54,68,0,36,28,27,424,980,18,0,24,0,0,0,90,648,0,4,14,2,0,18,0,0,24,12,7,0,0,0,1,0,0,0,0,0,0,0,0,0,0,0,104,0,0,0,0,0,96,34,36,0,0,0,0,0,0,0,0,0,0,0,0,0,0,0,0,0,0,0,64,0,0,0,12,12,24,0,0,0,0,0,0,0,0,12,0,0,0,0,0,0,0,0,0,0,0,0,0,0,0,0,0,0,0,0,0,0,0,0,0,0,0,0,0,0,0,0,0,0,0,0,0,0,0,0,0,0,0,0,0,0,0,0,0,0,0,0,0,0,0,0,0,0,0,0,0,0,0,0,0,0,0,0,0,0,0,0,0,0,0,0,0,0,0,0,0,0,0,0,0,0,0,0,0,0,0,0,0,16,0,0,0,0,0,0,0,0,0,0,0,0,0,0,0,0,0,0,0,0,0,7,0,12,0,0,0,0,0,0,14,0,0,0,0,0,0,0,0,0,0,0,0,0,0,0,0,0,0,0,0,0,0,0,0,0,0,0,0,0,0,0,0,0,0,0,0,0,0,0,0,0,0,0,0,0,0,0,0,0,0,12,0,0,0,0,0,0,12,0,0,0,0,0,0,0,0,0,0,0,0,0,0,0,0,0,0,0,0,0,0,0,0,0,0,0,0,0,0,0,0,0,0,0,0,0,0,0,0,0,0,0,0,0,0,0,0,0,0,0,0,0,0,0,0,0,0,0,0,0,0,0,0
19,1,1530,90,880,498,436,406,528,462,256,358,10,492,170,1420,0,0,0,0,0,0,30,0,0,0,0,0,0,0,0,0,48,60,0,22,16,42,240,964,16,0,12,0,0,0,118,322,0,4,34,2,0,36,0,0,12,6,7,0,0,0,1,0,0,0,0,0,0,0,0,0,0,0,114,0,0,0,0,0,48,22,32,0,0,0,0,0,0,0,0,0,0,0,0,0,0,0,0,0,0,0,90,0,0,0,12,12,24,0,0,0,0,0,0,0,0,12,0,0,0,0,0,0,0,0,0,0,0,0,0,0,0,0,0,0,0,0,0,0,0,0,0,0,0,0,0,0,0,0,0,0,0,0,0,0,0,0,0,0,0,0,0,0,0,0,0,0,0,0,0,0,0,0,0,0,0,0,0,0,0,0,0,0,0,0,0,0,0,0,0,0,0,0,0,0,0,0,0,0,0,0,0,0,0,0,0,0,0,0,0,16,0,0,0,0,0,0,0,0,0,0,0,0,0,0,0,0,0,0,0,0,0,7,0,12,0,0,0,0,0,0,14,0,0,0,0,0,0,0,0,0,0,0,0,0,0,0,0,0,0,0,0,0,0,0,0,0,0,0,0,0,0,0,0,0,0,0,0,0,0,0,0,0,0,0,0,0,0,0,0,0,0,12,0,0,0,0,0,0,6,0,0,0,0,0,0,0,0,0,0,0,0,0,0,0,0,0,0,0,0,0,0,0,0,0,0,0,0,0,0,0,0,0,0,0,0,0,0,0,0,0,0,0,0,0,0,0,0,0,0,0,0,0,0,0,0,0,0,0,0,0,0,0,0
